Date,Ticker,Reddit_sentiment_mean,Reddit_sentiment_min,Reddit_sentiment_max
2023-01-01,GOOG,7.4,5.0,8.0
2023-01-03,META,2.6,2.0,4.0
2023-01-08,AMZN,7.75,7.0,8.0
2023-01-11,TSLA,3.0,2.0,7.0
2023-01-12,TSM,5.4,1.0,8.0
2023-01-13,MSFT,7.4,6.0,8.0
2023-01-13,NVO,3.8,2.0,8.0
2023-01-15,AVGO,4.8,1.0,8.0
2023-01-18,ASML,6.0,2.0,9.0
2023-01-20,LLY,3.6,1.0,7.0
2023-02-03,PG,2.6,2.0,4.0
2023-03-02,NVDA,4.4,2.0,8.0
2023-03-22,XOM,8.0,8.0,8.0
2023-03-28,AAPL,6.6,3.0,8.0
2023-06-07,XOM,3.25,1.0,8.0
2023-09-01,ASML,5.222222222222222,2.0,8.0
2023-09-08,AVGO,4.9,2.0,8.0
2023-09-08,NVDA,2.9,1.0,7.0
2023-09-09,LLY,6.2,2.0,9.0
2023-09-09,NVDA,5.333333333333333,2.0,9.0
2023-09-10,LLY,4.9,2.0,8.0
2023-09-11,TSLA,3.9,1.0,9.0
2023-09-13,TSLA,4.0,1.0,9.0
2023-09-14,MSFT,4.5,1.0,9.0
2023-09-19,AAPL,5.6,2.0,8.0
2023-09-22,ASML,6.1,2.0,9.0
2023-09-28,AVGO,3.625,1.0,8.0
2023-10-02,AVGO,3.5,2.0,7.0
2023-10-06,XOM,4.625,2.0,8.0
2023-10-11,LLY,6.3,2.0,9.0
2023-10-11,NVO,4.555555555555555,1.0,8.0
2023-10-11,XOM,5.125,3.0,8.0
2023-10-14,LLY,4.0,1.0,8.0
2023-10-15,NVO,5.7,0.0,9.0
2023-10-18,NVO,3.2,1.0,8.0
2023-10-25,GOOG,5.8,2.0,8.0
2023-10-25,LLY,5.444444444444445,1.0,9.0
2023-10-29,TSLA,4.0,2.0,7.0
2023-11-02,MSFT,4.333333333333333,2.0,8.0
2023-11-10,LLY,4.2,1.0,8.0
2023-11-10,META,3.0,1.0,8.0
2023-11-10,XOM,4.2,1.0,8.0
2023-11-11,NVO,7.0,3.0,9.0
2023-11-13,NVDA,3.0,1.0,8.0
2023-11-14,ASML,7.0,6.0,9.0
2023-11-14,LLY,4.7,2.0,9.0
2023-11-17,AAPL,5.9,2.0,9.0
2023-11-17,MSFT,2.6666666666666665,1.0,6.0
2023-11-19,AMZN,4.111111111111111,1.0,8.0
2023-11-19,NVDA,4.666666666666667,2.0,9.0
2023-11-21,AVGO,4.0,2.0,6.0
2023-11-22,AMZN,2.6,1.0,7.0
2023-11-23,AMZN,2.8,1.0,6.0
2023-11-27,LLY,3.7777777777777777,1.0,8.0
2023-11-27,NVDA,4.2,1.0,8.0
2023-11-27,NVO,3.4444444444444446,2.0,8.0
2023-12-03,ASML,4.444444444444445,2.0,8.0
2023-12-07,META,2.6666666666666665,1.0,7.0
2023-12-08,META,3.8,1.0,8.0
2023-12-09,AAPL,2.888888888888889,1.0,6.0
2023-12-11,MSFT,2.2222222222222223,1.0,3.0
2023-12-14,AAPL,4.555555555555555,2.0,8.0
2023-12-16,GOOG,2.875,0.0,6.0
2023-12-18,AVGO,3.2,2.0,7.0
2023-12-22,AVGO,5.666666666666667,2.0,8.0
2023-12-29,AVGO,3.3333333333333335,1.0,8.0
2023-12-29,GOOG,2.7,2.0,8.0
2024-01-01,ASML,5.888888888888889,3.0,8.0
2024-01-04,TSLA,3.7,1.0,9.0
2024-01-06,ASML,3.1,0.0,7.0
2024-01-08,NVDA,4.4,2.0,8.0
2024-01-09,NVDA,7.1,2.0,8.0
2024-01-11,AVGO,3.4444444444444446,2.0,9.0
2024-01-11,MSFT,4.4,1.0,8.0
2024-01-15,LLY,4.1,1.0,9.0
2024-01-16,MSFT,3.888888888888889,2.0,9.0
2024-01-16,NVO,4.0,2.0,6.0
2024-01-17,AVGO,5.666666666666667,2.0,9.0
2024-01-18,LLY,3.6,2.0,8.0
2024-01-22,TSM,4.666666666666667,2.0,9.0
2024-01-24,ASML,5.2,2.0,8.0
2024-01-24,TSLA,2.7,1.0,6.0
2024-01-26,NVDA,6.3,2.0,9.0
2024-01-27,TSM,5.111111111111111,2.0,8.0
2024-01-29,XOM,3.1,1.0,8.0
2024-01-30,MSFT,4.444444444444445,1.0,8.0
2024-01-31,MSFT,2.7,1.0,7.0
2024-02-01,AAPL,4.6,2.0,8.0
2024-02-02,AVGO,3.75,2.0,8.0
2024-02-02,LLY,3.4444444444444446,0.0,8.0
2024-02-02,META,4.9,2.0,8.0
2024-02-03,NVO,6.1,1.0,8.0
2024-02-05,AVGO,5.0,1.0,8.0
2024-02-05,LLY,4.3,1.0,8.0
2024-02-05,META,4.1,2.0,8.0
2024-02-05,NVO,3.5,1.0,8.0
2024-02-06,META,6.0,6.0,6.0
2024-02-09,AAPL,4.5,2.0,7.0
2024-02-09,AVGO,5.9,2.0,9.0
2024-02-14,LLY,5.8,2.0,8.0
2024-02-14,NVDA,4.5,2.0,8.0
2024-02-14,NVO,6.8,3.0,9.0
2024-02-15,GOOG,3.8,1.0,8.0
2024-02-15,META,4.8,2.0,9.0
2024-02-15,NVDA,2.9,1.0,8.0
2024-02-15,TSLA,3.2222222222222223,2.0,8.0
2024-02-19,NVDA,4.4,1.0,7.0
2024-02-20,ASML,6.222222222222222,2.0,8.0
2024-02-20,LLY,4.111111111111111,2.0,8.0
2024-02-20,NVDA,2.7777777777777777,1.0,7.0
2024-02-21,NVDA,5.5,2.0,8.0
2024-02-22,AVGO,4.0,2.0,8.0
2024-02-22,NVDA,5.1,1.0,8.0
2024-02-23,NVDA,2.6666666666666665,1.0,5.0
2024-02-23,XOM,8.0,8.0,8.0
2024-02-26,NVDA,4.9,1.0,8.0
2024-02-27,AMZN,2.0,2.0,2.0
2024-02-28,NVO,5.7,2.0,8.0
2024-02-29,NVO,4.444444444444445,1.0,10.0
2024-03-01,ASML,5.5,2.0,8.0
2024-03-01,TSM,4.444444444444445,2.0,9.0
2024-03-04,AMZN,4.9,2.0,8.0
2024-03-05,AAPL,4.111111111111111,2.0,9.0
2024-03-06,AMZN,3.111111111111111,1.0,8.0
2024-03-06,NVDA,3.125,1.0,8.0
2024-03-07,NVDA,5.3,2.0,8.0
2024-03-07,PG,4.666666666666667,2.0,9.0
2024-03-08,ASML,4.8,1.0,9.0
2024-03-09,TSM,4.4,2.0,7.0
2024-03-10,TSM,6.8,3.0,8.0
2024-03-13,AVGO,4.333333333333333,2.0,8.0
2024-03-13,NVDA,4.777777777777778,1.0,8.0
2024-03-13,NVO,5.375,2.0,9.0
2024-03-13,PG,6.3,2.0,8.0
2024-03-14,NVDA,5.555555555555555,2.0,8.0
2024-03-14,TSLA,2.375,1.0,4.0
2024-03-15,TSM,5.0,1.0,9.0
2024-03-17,NVO,5.6,2.0,9.0
2024-03-18,TSM,3.6,1.0,8.0
2024-03-19,AMZN,4.0,3.0,5.0
2024-03-19,MSFT,6.333333333333333,1.0,9.0
2024-03-19,NVDA,3.7,2.0,8.0
2024-03-19,TSM,2.4,1.0,7.0
2024-03-19,XOM,3.2222222222222223,2.0,7.0
2024-03-21,AAPL,4.5,1.0,8.0
2024-03-21,AMZN,6.8,2.0,9.0
2024-03-21,LLY,4.5,2.0,9.0
2024-03-21,NVO,5.2,1.0,8.0
2024-03-23,NVDA,5.25,2.0,10.0
2024-03-23,PG,4.5,2.0,8.0
2024-03-26,ASML,4.333333333333333,1.0,9.0
2024-03-26,LLY,4.6,2.0,8.0
2024-03-26,NVO,5.555555555555555,2.0,9.0
2024-03-26,TSLA,1.9,1.0,2.0
2024-03-29,NVDA,6.3,2.0,9.0
2024-04-03,AAPL,3.8,1.0,7.0
2024-04-03,NVO,4.555555555555555,1.0,8.0
2024-04-04,AAPL,5.5,2.0,9.0
2024-04-04,TSLA,4.555555555555555,2.0,8.0
2024-04-04,XOM,5.3,3.0,8.0
2024-04-06,NVO,7.0,2.0,9.0
2024-04-06,PG,5.857142857142857,2.0,9.0
2024-04-06,TSLA,3.7,2.0,7.0
